task_id,agent_claimed_success,actual_exec_success,iterations,was_corrected,trace_history,escalated,total_latency (s),llm_latency (s),llm_time_share (%),actual_cost ($),gpt_baseline ($),savings (%),final_votes,safety_veto
HumanEval/0,True,True,1,False,ðŸ“ Generator Created -> âœ… PASS,False,11.0,12.2,111.0,0.000507,0.004269,88.13,3/3 PASS,False
HumanEval/1,True,True,1,False,ðŸ“ Generator Created -> âœ… PASS,False,9.51,11.86,124.7,0.000542,0.003076,82.37,3/3 PASS,False
HumanEval/2,True,True,1,False,ðŸ“ Generator Created -> âœ… PASS,False,5.64,7.55,133.8,0.00043,0.002519,82.93,3/3 PASS,False
HumanEval/3,True,True,1,False,ðŸ“ Generator Created -> âœ… PASS,False,4.85,6.94,143.1,0.000366,0.00196,81.31,3/3 PASS,False
HumanEval/4,True,True,1,False,ðŸ“ Generator Created -> âœ… PASS,False,5.52,7.15,129.5,0.000444,0.00332,86.63,3/3 PASS,False
HumanEval/5,True,True,1,False,ðŸ“ Generator Created -> âœ… PASS,False,7.26,9.76,134.5,0.000463,0.003455,86.59,3/3 PASS,False
HumanEval/6,True,True,1,False,ðŸ“ Generator Created -> âœ… PASS,False,12.59,15.8,125.5,0.000591,0.00432,86.33,3/3 PASS,False
HumanEval/7,True,True,1,False,ðŸ“ Generator Created -> âœ… PASS,False,5.05,8.17,161.6,0.00034,0.001599,78.76,3/3 PASS,False
HumanEval/8,True,True,1,False,ðŸ“ Generator Created -> âœ… PASS,False,5.84,7.96,136.3,0.000398,0.0024,83.42,3/3 PASS,False
HumanEval/9,True,True,1,False,ðŸ“ Generator Created -> âœ… PASS,False,8.54,10.85,127.1,0.000388,0.002448,84.14,3/3 PASS,False
HumanEval/10,True,False,1,False,ðŸ“ Generator Created -> âœ… PASS,False,6.35,8.17,128.6,0.000493,0.003319,85.15,3/3 PASS,False
HumanEval/11,True,True,1,False,ðŸ“ Generator Created -> âœ… PASS,False,4.42,6.35,143.5,0.000293,0.00109,73.12,3/3 PASS,False
HumanEval/12,True,True,1,False,ðŸ“ Generator Created -> âœ… PASS,False,7.14,9.51,133.2,0.000429,0.0029,85.21,3/3 PASS,False
HumanEval/13,True,True,1,False,ðŸ“ Generator Created -> âœ… PASS,False,6.13,7.8,127.3,0.000328,0.001721,80.97,3/3 PASS,False
HumanEval/14,True,True,1,False,ðŸ“ Generator Created -> âœ… PASS,False,4.4,6.55,148.7,0.000361,0.001916,81.17,3/3 PASS,False
HumanEval/15,True,True,1,False,ðŸ“ Generator Created -> âœ… PASS,False,3.73,5.84,156.7,0.000268,0.001049,74.41,3/3 PASS,False
HumanEval/16,True,True,1,False,ðŸ“ Generator Created -> âœ… PASS,False,7.26,11.35,156.2,0.000356,0.001505,76.32,3/3 PASS,False
HumanEval/17,True,True,1,False,ðŸ“ Generator Created -> âœ… PASS,False,9.82,13.47,137.3,0.00054,0.004265,87.34,3/3 PASS,False
HumanEval/18,True,True,1,False,ðŸ“ Generator Created -> âœ… PASS,False,6.98,10.07,144.3,0.000447,0.003144,85.79,3/3 PASS,False
HumanEval/19,True,True,1,False,ðŸ“ Generator Created -> âœ… PASS,False,9.71,12.51,128.9,0.000503,0.003494,85.59,3/3 PASS,False
HumanEval/20,True,True,1,False,ðŸ“ Generator Created -> âœ… PASS,False,9.05,11.93,131.9,0.000526,0.004103,87.19,3/3 PASS,False
HumanEval/21,True,True,1,False,ðŸ“ Generator Created -> âœ… PASS,False,8.47,10.61,125.3,0.00048,0.003809,87.39,3/3 PASS,False
HumanEval/22,True,True,1,False,ðŸ“ Generator Created -> âœ… PASS,False,4.65,6.85,147.3,0.000334,0.00179,81.34,3/3 PASS,False
HumanEval/23,True,True,1,False,ðŸ“ Generator Created -> âœ… PASS,False,5.43,7.85,144.6,0.000329,0.001677,80.4,3/3 PASS,False
HumanEval/24,True,True,1,False,ðŸ“ Generator Created -> âœ… PASS,False,7.44,9.44,126.9,0.000362,0.002179,83.39,3/3 PASS,False
HumanEval/25,True,True,1,False,ðŸ“ Generator Created -> âœ… PASS,False,7.95,10.4,130.7,0.000489,0.00377,87.04,3/3 PASS,False
HumanEval/26,True,True,1,False,ðŸ“ Generator Created -> âœ… PASS,False,5.29,7.76,146.6,0.00033,0.001448,77.18,3/3 PASS,False
HumanEval/27,True,True,1,False,ðŸ“ Generator Created -> âœ… PASS,False,8.99,11.41,126.9,0.000283,0.000854,66.84,3/3 PASS,False
HumanEval/28,True,True,1,False,ðŸ“ Generator Created -> âœ… PASS,False,2.92,4.19,143.4,0.000233,0.000444,47.46,3/3 PASS,False
HumanEval/29,True,True,1,False,ðŸ“ Generator Created -> âœ… PASS,False,4.93,6.96,141.2,0.000291,0.001092,73.34,3/3 PASS,False
HumanEval/30,True,True,1,False,ðŸ“ Generator Created -> âœ… PASS,False,8.32,10.62,127.7,0.000367,0.003225,88.63,3/3 PASS,False
HumanEval/31,True,True,1,False,ðŸ“ Generator Created -> âœ… PASS,False,6.64,8.94,134.7,0.000343,0.002308,85.15,3/3 PASS,False
HumanEval/32,True,True,2,True,ðŸ“ Generator Created -> ðŸ›‘ SAFETY VETO-> âŒ Critic: The implementation imports the... -> ðŸ”„ Generator Refined -> âœ… PASS,False,31.69,37.01,116.8,0.002174,0.009817,77.85,3/3 PASS,False
HumanEval/33,True,True,1,False,ðŸ“ Generator Created -> âœ… PASS,False,6.91,8.96,129.7,0.000528,0.004535,88.35,3/3 PASS,False
HumanEval/34,True,True,1,False,ðŸ“ Generator Created -> âœ… PASS,False,4.87,6.87,141.2,0.000266,0.001065,75.04,3/3 PASS,False
HumanEval/35,True,True,1,False,ðŸ“ Generator Created -> âœ… PASS,False,5.79,7.44,128.5,0.000353,0.002236,84.22,3/3 PASS,False
HumanEval/36,True,True,1,False,ðŸ“ Generator Created -> âœ… PASS,False,7.97,10.19,127.8,0.000397,0.002893,86.27,3/3 PASS,False
HumanEval/37,True,True,1,False,ðŸ“ Generator Created -> âœ… PASS,False,7.64,10.05,131.6,0.000501,0.004217,88.11,3/3 PASS,False
HumanEval/38,True,False,1,False,ðŸ“ Generator Created -> âœ… PASS,False,13.37,16.75,125.3,0.000787,0.007752,89.85,3/3 PASS,False
HumanEval/39,True,True,1,False,ðŸ“ Generator Created -> âœ… PASS,False,6.59,9.12,138.3,0.000496,0.004284,88.42,3/3 PASS,False
HumanEval/40,True,True,1,False,ðŸ“ Generator Created -> âœ… PASS,False,10.21,13.83,135.4,0.000501,0.003802,86.84,3/3 PASS,False
HumanEval/41,True,True,1,False,ðŸ“ Generator Created -> âœ… PASS,False,10.94,12.83,117.3,0.00072,0.00613,88.25,3/3 PASS,False
HumanEval/42,True,True,1,False,ðŸ“ Generator Created -> âœ… PASS,False,5.02,7.37,146.7,0.000274,0.00152,82.0,3/3 PASS,False
HumanEval/43,True,True,1,False,ðŸ“ Generator Created -> âœ… PASS,False,6.58,9.65,146.7,0.000456,0.00359,87.3,3/3 PASS,False
HumanEval/44,True,True,1,False,ðŸ“ Generator Created -> âœ… PASS,False,6.01,8.77,145.8,0.000404,0.002668,84.87,3/3 PASS,False
HumanEval/45,True,True,1,False,ðŸ“ Generator Created -> âœ… PASS,False,5.29,7.55,142.7,0.000326,0.001811,82.01,3/3 PASS,False
HumanEval/46,True,True,1,False,ðŸ“ Generator Created -> âœ… PASS,False,8.76,10.7,122.2,0.000491,0.004776,89.73,3/3 PASS,False
HumanEval/47,True,True,1,False,ðŸ“ Generator Created -> âœ… PASS,False,5.9,9.01,152.6,0.000374,0.002478,84.88,3/3 PASS,False
HumanEval/48,True,True,1,False,ðŸ“ Generator Created -> âœ… PASS,False,5.17,7.23,140.0,0.000313,0.001342,76.66,3/3 PASS,False
HumanEval/49,True,True,1,False,ðŸ“ Generator Created -> âœ… PASS,False,6.63,9.24,139.4,0.000376,0.002386,84.24,3/3 PASS,False
HumanEval/50,True,False,1,False,ðŸ“ Generator Created -> âœ… PASS,False,7.31,9.09,124.3,0.000419,0.002436,82.82,3/3 PASS,False
HumanEval/51,True,True,1,False,ðŸ“ Generator Created -> âœ… PASS,False,6.14,8.87,144.4,0.000424,0.002688,84.24,3/3 PASS,False
HumanEval/52,True,True,1,False,ðŸ“ Generator Created -> âœ… PASS,False,6.78,8.64,127.4,0.00037,0.002593,85.71,3/3 PASS,False
HumanEval/53,True,True,1,False,ðŸ“ Generator Created -> âœ… PASS,False,3.42,5.82,169.8,0.000282,0.00127,77.79,3/3 PASS,False
HumanEval/54,True,False,1,False,ðŸ“ Generator Created -> âœ… PASS,False,6.74,8.81,130.7,0.000451,0.003006,84.98,3/3 PASS,False
HumanEval/55,True,True,1,False,ðŸ“ Generator Created -> âœ… PASS,False,6.3,7.89,125.3,0.000341,0.002459,86.14,3/3 PASS,False
HumanEval/56,True,True,1,False,ðŸ“ Generator Created -> âœ… PASS,False,5.13,7.8,152.2,0.000403,0.0022,81.7,3/3 PASS,False
HumanEval/57,True,True,1,False,ðŸ“ Generator Created -> âœ… PASS,False,5.47,7.95,145.3,0.000405,0.002751,85.29,3/3 PASS,False
HumanEval/58,True,True,1,False,ðŸ“ Generator Created -> âœ… PASS,False,6.52,8.51,130.3,0.000411,0.003456,88.11,3/3 PASS,False
HumanEval/59,True,True,1,False,ðŸ“ Generator Created -> âœ… PASS,False,6.31,8.99,142.6,0.00047,0.003593,86.92,3/3 PASS,False
HumanEval/60,True,True,1,False,ðŸ“ Generator Created -> âœ… PASS,False,6.75,9.54,141.4,0.000326,0.001271,74.35,3/3 PASS,False
HumanEval/61,True,True,1,False,ðŸ“ Generator Created -> âœ… PASS,False,5.72,8.22,143.8,0.0004,0.002207,81.88,3/3 PASS,False
HumanEval/62,True,True,1,False,ðŸ“ Generator Created -> âœ… PASS,False,7.58,9.72,128.2,0.000423,0.003128,86.48,3/3 PASS,False
HumanEval/63,True,True,1,False,ðŸ“ Generator Created -> âœ… PASS,False,5.25,6.83,130.1,0.000447,0.003458,87.08,3/3 PASS,False
HumanEval/64,True,True,1,False,ðŸ“ Generator Created -> âœ… PASS,False,9.33,11.39,122.1,0.000552,0.00532,89.62,3/3 PASS,False
HumanEval/65,True,False,1,False,ðŸ“ Generator Created -> âœ… PASS,False,5.75,7.45,129.5,0.00049,0.003386,85.53,3/3 PASS,False
HumanEval/66,True,True,1,False,ðŸ“ Generator Created -> âœ… PASS,False,8.11,10.94,135.0,0.000395,0.002572,84.66,3/3 PASS,False
HumanEval/67,True,True,1,False,ðŸ“ Generator Created -> âœ… PASS,False,10.0,13.49,134.9,0.000515,0.003606,85.72,3/3 PASS,False
HumanEval/68,True,True,1,False,ðŸ“ Generator Created -> âœ… PASS,False,8.72,10.44,119.8,0.00061,0.004804,87.3,3/3 PASS,False
HumanEval/69,True,True,1,False,ðŸ“ Generator Created -> âœ… PASS,False,9.93,12.48,125.7,0.000535,0.00461,88.4,3/3 PASS,False
HumanEval/70,True,True,1,False,ðŸ“ Generator Created -> âœ… PASS,False,7.61,9.8,128.8,0.000465,0.003249,85.68,3/3 PASS,False
HumanEval/71,True,True,1,False,ðŸ“ Generator Created -> âœ… PASS,False,5.67,7.98,140.7,0.000434,0.003165,86.28,3/3 PASS,False
HumanEval/72,True,True,1,False,ðŸ“ Generator Created -> âœ… PASS,False,9.3,11.46,123.2,0.000489,0.003785,87.07,3/3 PASS,False
HumanEval/73,True,True,1,False,ðŸ“ Generator Created -> âœ… PASS,False,7.79,9.32,119.6,0.000508,0.00439,88.44,3/3 PASS,False
HumanEval/74,True,True,1,False,ðŸ“ Generator Created -> âœ… PASS,False,9.07,11.72,129.3,0.000521,0.004195,87.59,3/3 PASS,False
HumanEval/75,True,False,1,False,ðŸ“ Generator Created -> âœ… PASS,False,11.75,14.63,124.5,0.000604,0.006575,90.81,3/3 PASS,False
HumanEval/76,True,True,1,False,ðŸ“ Generator Created -> âœ… PASS,False,6.5,8.24,126.8,0.00044,0.003631,87.87,3/3 PASS,False
HumanEval/77,True,True,1,False,ðŸ“ Generator Created -> âœ… PASS,False,6.72,8.18,121.6,0.00044,0.003281,86.59,3/3 PASS,False
HumanEval/78,True,True,1,False,ðŸ“ Generator Created -> âœ… PASS,False,6.66,8.05,120.8,0.000492,0.003627,86.44,3/3 PASS,False
HumanEval/79,True,True,1,False,ðŸ“ Generator Created -> âœ… PASS,False,4.8,6.72,140.0,0.000398,0.002168,81.62,3/3 PASS,False
HumanEval/80,True,True,1,False,ðŸ“ Generator Created -> âœ… PASS,False,6.12,7.55,123.3,0.000481,0.003806,87.36,3/3 PASS,False
HumanEval/81,True,False,1,False,ðŸ“ Generator Created -> âœ… PASS,False,8.56,10.15,118.5,0.000544,0.004301,87.35,3/3 PASS,False
HumanEval/82,True,True,1,False,ðŸ“ Generator Created -> âœ… PASS,False,8.65,11.58,134.0,0.000448,0.003435,86.95,3/3 PASS,False
HumanEval/83,True,True,1,False,ðŸ“ Generator Created -> âœ… PASS,False,21.0,22.7,108.1,0.000697,0.00869,91.98,3/3 PASS,False
HumanEval/84,True,True,1,False,ðŸ“ Generator Created -> âœ… PASS,False,6.96,8.32,119.6,0.000468,0.00338,86.15,3/3 PASS,False
HumanEval/85,True,True,1,False,ðŸ“ Generator Created -> âœ… PASS,False,8.17,9.68,118.4,0.000447,0.003783,88.18,3/3 PASS,False
HumanEval/86,True,True,1,False,ðŸ“ Generator Created -> âœ… PASS,False,9.17,10.72,116.9,0.000581,0.003964,85.35,3/3 PASS,False
HumanEval/87,True,True,1,False,ðŸ“ Generator Created -> âœ… PASS,False,9.19,11.01,119.8,0.000662,0.005918,88.82,3/3 PASS,False
HumanEval/88,True,True,1,False,ðŸ“ Generator Created -> âœ… PASS,False,9.4,11.32,120.5,0.000545,0.004726,88.46,3/3 PASS,False
HumanEval/89,True,True,1,False,ðŸ“ Generator Created -> âœ… PASS,False,8.31,12.37,148.8,0.000532,0.004271,87.54,3/3 PASS,False
HumanEval/90,True,True,1,False,ðŸ“ Generator Created -> âœ… PASS,False,7.41,10.47,141.2,0.000465,0.003359,86.15,3/3 PASS,False
HumanEval/91,True,False,1,False,ðŸ“ Generator Created -> âœ… PASS,False,5.85,7.84,133.9,0.00045,0.002577,82.52,3/3 PASS,False
HumanEval/92,True,True,1,False,ðŸ“ Generator Created -> âœ… PASS,False,7.39,8.69,117.5,0.000515,0.005053,89.8,3/3 PASS,False
HumanEval/93,True,False,1,False,ðŸ“ Generator Created -> âœ… PASS,False,6.6,8.22,124.6,0.000526,0.00397,86.76,3/3 PASS,False
HumanEval/94,True,True,1,False,ðŸ“ Generator Created -> âœ… PASS,False,12.37,14.83,119.9,0.000637,0.00711,91.04,3/3 PASS,False
HumanEval/95,True,True,1,False,ðŸ“ Generator Created -> âœ… PASS,False,12.93,15.03,116.3,0.000643,0.005185,87.6,3/3 PASS,False
HumanEval/96,True,True,1,False,ðŸ“ Generator Created -> âœ… PASS,False,13.01,14.41,110.7,0.000526,0.005165,89.81,3/3 PASS,False
HumanEval/97,True,True,1,False,ðŸ“ Generator Created -> âœ… PASS,False,6.29,8.44,134.2,0.000387,0.002506,84.54,3/3 PASS,False
HumanEval/98,True,True,1,False,ðŸ“ Generator Created -> âœ… PASS,False,7.17,8.74,122.0,0.0004,0.002814,85.79,3/3 PASS,False
HumanEval/99,True,True,1,False,ðŸ“ Generator Created -> âœ… PASS,False,6.39,7.87,123.2,0.000506,0.003729,86.43,3/3 PASS,False
HumanEval/100,True,False,1,False,ðŸ“ Generator Created -> âœ… PASS,False,11.8,14.62,123.9,0.000572,0.004769,88.0,3/3 PASS,False
HumanEval/101,True,True,1,False,ðŸ“ Generator Created -> âœ… PASS,False,5.64,7.43,131.6,0.000418,0.002629,84.1,3/3 PASS,False
HumanEval/102,True,False,1,False,ðŸ“ Generator Created -> âœ… PASS,False,9.98,12.04,120.7,0.000414,0.00282,85.31,3/3 PASS,False
HumanEval/103,True,True,1,False,ðŸ“ Generator Created -> âœ… PASS,False,8.09,10.15,125.4,0.000454,0.003439,86.8,3/3 PASS,False
HumanEval/104,True,True,1,False,ðŸ“ Generator Created -> âœ… PASS,False,7.02,8.33,118.7,0.000411,0.00278,85.23,3/3 PASS,False
HumanEval/105,True,True,1,False,ðŸ“ Generator Created -> âœ… PASS,False,6.28,9.44,150.1,0.000447,0.003289,86.41,3/3 PASS,False
HumanEval/106,True,True,1,False,ðŸ“ Generator Created -> âœ… PASS,False,9.24,10.63,115.1,0.000472,0.004599,89.73,3/3 PASS,False
HumanEval/107,True,True,1,False,ðŸ“ Generator Created -> âœ… PASS,False,3.93,5.18,131.9,0.000324,0.001266,74.38,3/3 PASS,False
HumanEval/108,True,True,1,False,ðŸ“ Generator Created -> âœ… PASS,False,10.02,14.02,139.9,0.000553,0.004669,88.15,3/3 PASS,False
HumanEval/109,True,True,1,False,ðŸ“ Generator Created -> âœ… PASS,False,11.29,12.7,112.5,0.000796,0.00765,89.6,3/3 PASS,False
HumanEval/110,True,True,1,False,ðŸ“ Generator Created -> âœ… PASS,False,10.64,13.23,124.4,0.000598,0.00553,89.19,3/3 PASS,False
HumanEval/111,True,True,1,False,ðŸ“ Generator Created -> âœ… PASS,False,8.6,10.34,120.2,0.000505,0.003913,87.1,3/3 PASS,False
HumanEval/112,True,True,1,False,ðŸ“ Generator Created -> âœ… PASS,False,5.96,7.81,131.0,0.00043,0.002549,83.12,3/3 PASS,False
HumanEval/113,True,True,1,False,ðŸ“ Generator Created -> âœ… PASS,False,8.43,9.96,118.3,0.000563,0.00457,87.68,3/3 PASS,False
HumanEval/114,True,True,1,False,ðŸ“ Generator Created -> âœ… PASS,False,6.94,9.03,130.1,0.000469,0.003484,86.55,3/3 PASS,False
HumanEval/115,True,True,1,False,ðŸ“ Generator Created -> âœ… PASS,False,9.32,11.55,124.0,0.000659,0.006478,89.83,3/3 PASS,False
HumanEval/116,True,True,1,False,ðŸ“ Generator Created -> âœ… PASS,False,12.21,13.91,113.9,0.000687,0.006236,88.98,3/3 PASS,False
HumanEval/117,True,True,1,False,ðŸ“ Generator Created -> âœ… PASS,False,11.56,15.26,131.9,0.000635,0.0055,88.45,3/3 PASS,False
HumanEval/118,True,True,1,False,ðŸ“ Generator Created -> âœ… PASS,False,11.53,13.51,117.2,0.000611,0.005616,89.12,3/3 PASS,False
HumanEval/119,True,True,1,False,ðŸ“ Generator Created -> âœ… PASS,False,9.9,13.54,136.9,0.00059,0.00473,87.53,3/3 PASS,False
HumanEval/120,True,True,1,False,ðŸ“ Generator Created -> âœ… PASS,False,12.44,14.9,119.7,0.000471,0.003635,87.04,3/3 PASS,False
HumanEval/121,True,True,1,False,ðŸ“ Generator Created -> âœ… PASS,False,7.98,10.78,135.1,0.000436,0.003835,88.62,3/3 PASS,False
HumanEval/122,True,True,1,False,ðŸ“ Generator Created -> âœ… PASS,False,7.67,9.72,126.7,0.000409,0.003094,86.77,3/3 PASS,False
HumanEval/123,True,True,1,False,ðŸ“ Generator Created -> âœ… PASS,False,8.33,11.11,133.3,0.000563,0.003775,85.08,3/3 PASS,False
HumanEval/124,True,True,1,False,ðŸ“ Generator Created -> âœ… PASS,False,8.4,10.66,127.0,0.000656,0.006322,89.62,3/3 PASS,False
HumanEval/125,True,True,1,False,ðŸ“ Generator Created -> âœ… PASS,False,6.63,9.16,138.3,0.000568,0.005019,88.68,3/3 PASS,False
HumanEval/126,True,False,1,False,ðŸ“ Generator Created -> âœ… PASS,False,10.94,14.89,136.1,0.000589,0.005295,88.88,3/3 PASS,False
HumanEval/127,True,False,1,False,ðŸ“ Generator Created -> âœ… PASS,False,10.47,12.6,120.4,0.000636,0.00532,88.04,3/3 PASS,False
HumanEval/128,True,True,1,False,ðŸ“ Generator Created -> âœ… PASS,False,8.83,11.72,132.7,0.000532,0.004346,87.77,3/3 PASS,False
HumanEval/129,True,True,1,False,ðŸ“ Generator Created -> âœ… PASS,False,17.2,19.94,116.0,0.000974,0.008909,89.07,3/3 PASS,False
HumanEval/130,True,False,1,False,ðŸ“ Generator Created -> âœ… PASS,False,43.46,47.26,108.7,0.001998,0.029206,93.16,3/3 PASS,False
HumanEval/131,True,True,1,False,ðŸ“ Generator Created -> âœ… PASS,False,7.37,10.26,139.1,0.000372,0.002453,84.81,3/3 PASS,False
HumanEval/132,True,False,1,False,ðŸ“ Generator Created -> âœ… PASS,False,21.2,23.84,112.4,0.001304,0.01539,91.53,3/3 PASS,False
HumanEval/133,True,True,1,False,ðŸ“ Generator Created -> âœ… PASS,False,6.82,8.91,130.6,0.000499,0.00445,88.78,3/3 PASS,False
HumanEval/134,True,False,1,False,ðŸ“ Generator Created -> âœ… PASS,False,10.54,12.69,120.5,0.000612,0.005285,88.41,3/3 PASS,False
HumanEval/135,True,True,1,False,ðŸ“ Generator Created -> âœ… PASS,False,7.69,9.92,129.0,0.000514,0.004703,89.06,3/3 PASS,False
HumanEval/136,True,True,1,False,ðŸ“ Generator Created -> âœ… PASS,False,5.54,7.55,136.3,0.000483,0.003351,85.58,3/3 PASS,False
HumanEval/137,True,True,1,False,ðŸ“ Generator Created -> âœ… PASS,False,9.23,12.06,130.7,0.000608,0.00498,87.8,3/3 PASS,False
HumanEval/138,True,True,1,False,ðŸ“ Generator Created -> âœ… PASS,False,8.04,10.15,126.3,0.000454,0.00341,86.7,3/3 PASS,False
HumanEval/139,True,True,1,False,ðŸ“ Generator Created -> âœ… PASS,False,6.57,8.97,136.5,0.000393,0.002543,84.55,3/3 PASS,False
HumanEval/140,True,True,2,True,ðŸ“ Generator Created-> âŒ Critic: The critiques reveal conflicti... -> ðŸ”„ Generator Refined -> âœ… PASS,False,17.75,22.81,128.5,0.001051,0.003776,72.17,3/3 PASS,False
HumanEval/141,True,True,1,False,ðŸ“ Generator Created -> âœ… PASS,False,8.41,10.55,125.4,0.000613,0.004971,87.67,3/3 PASS,False
HumanEval/142,True,True,1,False,ðŸ“ Generator Created -> âœ… PASS,False,9.05,10.94,120.9,0.000607,0.006055,89.97,3/3 PASS,False
HumanEval/143,True,True,1,False,ðŸ“ Generator Created -> âœ… PASS,False,5.95,8.23,138.2,0.000522,0.003708,85.91,3/3 PASS,False
HumanEval/144,True,True,1,False,ðŸ“ Generator Created -> âœ… PASS,False,6.49,8.32,128.2,0.000501,0.003888,87.13,3/3 PASS,False
HumanEval/145,True,False,2,True,ðŸ“ Generator Created -> ðŸ›‘ SAFETY VETO-> âŒ Critic: The implementation contains a ... -> ðŸ”„ Generator Refined -> âœ… PASS,False,14.94,20.15,134.9,0.001135,0.004187,72.89,3/3 PASS,False
HumanEval/146,True,True,1,False,ðŸ“ Generator Created -> âœ… PASS,False,7.76,9.99,128.7,0.000461,0.003592,87.17,3/3 PASS,False
HumanEval/147,True,True,1,False,ðŸ“ Generator Created -> âœ… PASS,False,9.7,11.81,121.7,0.000639,0.00669,90.45,3/3 PASS,False
HumanEval/148,True,True,2,True,ðŸ“ Generator Created-> âŒ Critic: The critiques present conflict... -> ðŸ”„ Generator Refined -> âœ… PASS,False,16.55,21.26,128.5,0.00129,0.005777,77.67,3/3 PASS,False
HumanEval/149,True,True,1,False,ðŸ“ Generator Created -> âœ… PASS,False,5.88,7.9,134.4,0.000463,0.002897,84.03,3/3 PASS,False
HumanEval/150,True,True,1,False,ðŸ“ Generator Created -> âœ… PASS,False,9.57,13.23,138.2,0.000366,0.002841,87.12,3/3 PASS,False
HumanEval/151,True,False,1,False,ðŸ“ Generator Created -> âœ… PASS,False,9.82,11.86,120.7,0.000644,0.006885,90.65,3/3 PASS,False
HumanEval/152,True,True,1,False,ðŸ“ Generator Created -> âœ… PASS,False,12.04,13.72,113.9,0.000587,0.005871,90.01,3/3 PASS,False
HumanEval/153,True,True,1,False,ðŸ“ Generator Created -> âœ… PASS,False,10.27,12.47,121.5,0.000593,0.003984,85.11,3/3 PASS,False
HumanEval/154,True,True,1,False,ðŸ“ Generator Created -> âœ… PASS,False,11.32,14.5,128.1,0.000627,0.005452,88.5,3/3 PASS,False
HumanEval/155,True,True,1,False,ðŸ“ Generator Created -> âœ… PASS,False,5.43,7.3,134.4,0.000397,0.002669,85.12,3/3 PASS,False
HumanEval/156,True,True,1,False,ðŸ“ Generator Created -> âœ… PASS,False,9.94,12.8,128.8,0.000547,0.004595,88.09,3/3 PASS,False
HumanEval/157,True,True,1,False,ðŸ“ Generator Created -> âœ… PASS,False,6.84,10.24,149.7,0.000419,0.002909,85.61,3/3 PASS,False
HumanEval/158,True,True,1,False,ðŸ“ Generator Created -> âœ… PASS,False,7.97,11.53,144.7,0.00047,0.002944,84.04,3/3 PASS,False
HumanEval/159,True,False,1,False,ðŸ“ Generator Created -> âœ… PASS,False,8.23,10.63,129.1,0.000561,0.004038,86.09,3/3 PASS,False
HumanEval/160,True,True,2,True,ðŸ“ Generator Created -> ðŸ›‘ SAFETY VETO-> âŒ Critic: The implementation uses 'eval(... -> ðŸ”„ Generator Refined -> âœ… PASS,False,28.55,31.2,109.3,0.001786,0.006154,70.97,3/3 PASS,False
HumanEval/161,True,True,1,False,ðŸ“ Generator Created -> âœ… PASS,False,5.16,8.48,164.4,0.000412,0.002587,84.06,3/3 PASS,False
HumanEval/162,True,True,1,False,ðŸ“ Generator Created -> âœ… PASS,False,3.78,5.8,153.5,0.000276,0.001189,76.75,3/3 PASS,False
HumanEval/163,True,False,2,True,ðŸ“ Generator Created-> âŒ Critic: The critiques indicate that th... -> ðŸ”„ Generator Refined -> âœ… PASS,False,18.31,22.74,124.2,0.000963,0.003199,69.89,3/3 PASS,False
